Equipment ID,Equipment type,Manufacturer,Operating hours,Temperature,Vibration,Fuel consumption,Brake status,Tyre status,Engine status,Maintenance status,Downtime
EQ-001,Bulldozer,Caterpillar,25938,68.7,5.6,22.9,Good,Good,Good,Due Soon,94
EQ-002,Excavator,Caterpillar,9242,80.8,5.0,56.6,Good,Good,Good,Due Soon,131
EQ-003,Conveyor,Sandvik,26221,60.7,3.3,77.1,Good,Good,Good,Overdue,165
EQ-004,Scraper Winch,Epiroc,6446,62.5,4.9,37.4,Good,Good,Good,Operational,120
EQ-005,Haul Truck,Bell,3364,67.9,5.3,73.3,Inspection Required,Good,Good,Operational,146
EQ-006,Haul Truck,Caterpillar,16236,86.0,2.9,38.6,Good,Good,Good,Operational,219
EQ-007,Scraper Winch,Joy,24906,87.7,5.5,33.9,Good,Good,Good,Operational,100
EQ-008,Bulldozer,Caterpillar,14194,65.6,5.1,68.5,Good,Good,Good,Due Soon,77
EQ-009,Bulldozer,Caterpillar,25215,90.9,1.2,39.3,Good,Good,Good,Under Maintenance,183
EQ-010,Crusher,Sandvik,5725,55.0,1.8,53.8,Good,Good,Good,Due Soon,194
EQ-011,Loader,Caterpillar,22668,67.7,2.3,41.2,Good,Good,Warning,Operational,62
EQ-012,Excavator,Caterpillar,6577,92.8,5.8,50.5,Good,Worn,Good,Due Soon,201
EQ-013,Excavator,Hitachi,21070,69.3,4.9,67.4,Good,Good,Good,Operational,178
EQ-014,Drilling Machine,Epiroc,16055,59.9,2.3,33.0,Good,Replace,Good,Under Maintenance,54
EQ-015,Scraper Winch,Sandvik,23726,104.0,2.5,67.2,Good,Good,Good,Operational,56
EQ-016,Excavator,Komatsu,9692,85.9,4.9,53.5,Good,Worn,Warning,Operational,200
EQ-017,Excavator,Komatsu,10438,61.5,4.9,23.9,Inspection Required,Worn,Warning,Under Maintenance,111
EQ-018,Haul Truck,Caterpillar,14491,65.9,4.2,42.0,Good,Worn,Warning,Due Soon,207
EQ-019,Excavator,Komatsu,6008,97.9,5.2,62.5,Good,Good,Good,Operational,25
EQ-020,Haul Truck,Bell,9886,75.3,5.2,57.0,Good,Worn,Good,Operational,66
EQ-021,Crusher,Metso,22437,77.3,2.3,71.5,Good,Good,Good,Operational,188
EQ-022,Excavator,Caterpillar,11044,60.3,5.3,54.5,Good,Good,Good,Operational,139
EQ-023,Haul Truck,Komatsu,14294,76.3,3.8,80.8,Good,Good,Good,Operational,192
EQ-024,Loader,Caterpillar,26780,57.9,2.7,20.8,Good,Worn,Good,Due Soon,123
EQ-025,Conveyor,Sandvik,22200,76.4,5.1,67.7,Good,Good,Good,Operational,15
EQ-026,Scraper Winch,Epiroc,11660,55.0,3.7,48.3,Good,Good,Good,Overdue,17
EQ-027,Scraper Winch,Sandvik,10452,81.5,5.4,65.6,Inspection Required,Good,Fault,Operational,132
EQ-028,Scraper Winch,Epiroc,27625,55.0,3.8,45.2,Good,Replace,Good,Operational,31
EQ-029,Loader,Volvo,12245,69.0,2.9,63.9,Good,Good,Good,Due Soon,95
EQ-030,Crusher,Metso,10496,61.5,1.8,22.8,Good,Good,Good,Due Soon,12
EQ-031,Excavator,Caterpillar,21408,68.8,2.5,22.3,Good,Good,Good,Operational,159
EQ-032,Excavator,Komatsu,23751,63.9,4.7,66.8,Good,Good,Good,Due Soon,68
EQ-033,Loader,Komatsu,2349,72.8,2.1,76.5,Good,Worn,Good,Operational,161
EQ-034,Bulldozer,Caterpillar,24240,85.1,3.2,26.7,Good,Good,Good,Under Maintenance,212
EQ-035,Scraper Winch,Epiroc,23383,71.7,4.7,36.6,Good,Good,Good,Due Soon,49
EQ-036,Scraper Winch,Joy,18170,79.1,9.4,33.2,Good,Good,Good,Operational,146
EQ-037,Excavator,Komatsu,21552,77.0,3.8,82.0,Good,Good,Good,Overdue,23
EQ-038,Excavator,Hitachi,11888,66.5,2.7,51.1,Good,Worn,Good,Operational,201
EQ-039,Excavator,Caterpillar,15676,55.0,4.1,51.2,Good,Good,Warning,Operational,137
EQ-040,Bulldozer,Komatsu,4084,73.9,6.8,26.0,Good,Good,Good,Operational,153
